id,nombre,direccion,circuitoCodigo,lat,lng,coverageEstado,coverageCriticas,coverageParciales,coverageOptimas
253984d9-5a33-4f54-a708-6e493eeff811,BACHIL. ACEL.ADULTOS Y COMUN,SEBASTOPOL 3065,4,-27.3774799,-55.9048322,critico,7,0,0
d004e554-f78d-4a1c-8115-a9c4fe23ceda,Bachillerato Humanista,AV CORRIENTES 2348,3,-27.3711064,-55.9020634,critico,8,0,0
6e9021de-0530-425d-a547-4ba59a398f6e,Bachillerato Orientación Laboral Polivalente Nº1,AV RADEMACHER 4200,5,-27.3873195,-55.8963279,critico,7,0,0
dfa58d81-5763-4185-8734-4f884e2ce917,BACHIL. POLIV. NRO 17,AV. COMANDANTE,4,-27.3935377,-55.9394842,critico,8,0,0
589048b8-4265-4271-be50-2490d43f665b,BOLP N°36,MADELAIRE Y OBERA B.,7,-27.4104672,-55.9291548,critico,5,0,0
c77d2420-2779-485c-aae7-0291e6aa8979,BOP 61,BOP N 61 LAS TUNAS Y,7A,-27.4027148,-55.9829594,critico,6,0,0
689d84cd-ae40-44d3-a6ea-0998f77c46a0,B.O.P. Nº85,AV. 192 (ENTRE 81 CY 81,4A,-27.4372791,-55.9388155,critico,7,0,0
a3c84d82-1229-410c-9370-bec674c24451,C.E.N.S. Nº 176,Gomez Portiño 5170- Ch. 32-33,4,-27.3951885,-55.9067967,critico,5,0,0
ddf8c7d5-7fe0-4530-8d95-197d5851f44e,Centro Educativo Polimodal Nº1,AGUADO ( ENTRE,4,-27.3799259,-55.9268335,critico,8,0,0
db709911-7e57-47e7-8396-b6c7dc330aa5,Centro Educativo Polimodal Nº 5,AV COCOMAROLA Y J. M.,4A,-27.4374898,-55.9150981,critico,7,0,0
8ecdf715-2ead-4eae-95b6-1d3eb24725dc,CEP N° 25 B° RINCON DEL SUR,CALLE 188 Y 121 S/N,7,-27.4298579,-55.9488348,critico,6,0,0
5675dcef-81a1-4ed1-9e23-b985cb8f42fd,COLEGIO DEL CARMEN,AV SANTA CATALINA Y,3,-27.3745681,-55.9100967,critico,4,0,0
70ce5ba4-1ea2-4121-85c9-433f6028e8d7,"Colegio Provincial N° 2 "" Gral. Manuel Belgrano""",CALLE 164 ENTRE 155 Y,7,-27.4104846,-55.959037,critico,7,0,0
495aa529-22db-4f98-8fb8-6c4e0dfd353e,EPET N 1 UNESCO,Av. Gral. Lavalle 1947,3,-27.3672912,-55.9049019,critico,8,0,0
cf6c5922-0287-4a98-85f7-2402ae91ffa1,E.P.E.T N°36,CALLE 133 Y 176 s/n,7,-27.4192591,-55.9493145,critico,7,0,0
310fc965-1498-4c1d-9e67-f82c4ee06030,ESC. N 298 SALVADOR SIMSOLO,CHACRA 128 - CALLE 127,4,-27.3748862,-55.9380951,critico,7,0,0
0990af19-0bb8-493c-879b-c4de7c9d75fe,"ESC N°445 ""Libertadores de América""",ESC N 445 LIB DE AMERICA 143 Y 162 BARRIO,6,-27.4218735,-55.8943147,critico,5,0,0
083773f4-cccb-4303-92fa-e777d771f7b7,ESC. N 645 EJERCITO ARGENTINO,Av. Justo José de Urquiza 4056,2,-27.3588294,-55.9146165,critico,6,0,0
97d7448b-994a-4d55-9e85-ec8c560ba9bb,ESC. N 796 SANTA RITA,CALLE 90- CHACRA 118 - B,4,-27.3856135,-55.9368335,critico,7,0,0
8cae32af-85b2-4ec4-87ec-4734f4a7ad52,ESC.Nº 3 DOMINGO F SARMIENTO,SANTA FE 434,1,-27.3650388,-55.886192,critico,5,0,0
b42e0daa-e26b-4b82-94e5-8848a3702bbb,ESC. Nº 665 BATALLA DE TUCUMAN,CH 237 MZ H SEC. 16 Bº,4,-27.3956817,-55.9342522,critico,8,0,0
aa5e4a4c-d783-4075-a6fd-1acaacfd27d0,ESC. Nº7 JUSTO JOSE DE URQUIZA,CH 148 Bº IPRODHA 2800,3A,-27.3706463,-55.9502551,critico,4,0,0
464e9c06-a44b-4de0-bd1e-64a9d5f903c9,ESC. NORMAL EEUU DEL BRASIL,BELGRANO 515,1,-27.3632005,-55.8937157,critico,5,0,1
e0d1dc27-f49b-497d-8b97-c070cc0622ed,ESC.NRO 729 INT.LATINOAMERICA,CH 103 AV AGUADO/BLAS,4,-27.3755244,-55.9255806,critico,8,0,0
c05a9a16-1b10-4369-987c-af87371045a3,ESC. NRO 730 TAMBOR DE TACUARI,CH 149 VILLA CABELLO,3A,-27.3663542,-55.9491429,critico,7,0,0
6d65a813-6d2f-4a7c-93d0-fd76bd3ba559,ESC. PARROQUIAL P GOYENA,GDOR BARREYRO 3473,3,-27.3746665,-55.9114998,critico,7,0,0
2ab2a9ee-4323-404c-bcb3-d8deaba2ebb6,ESC.PARROQUIAL SAN MIGUEL,AV TAMBOR DE TACUARI,3A,-27.3669177,-55.9326136,critico,7,0,0
2aaaa1c0-d167-43e3-8108-42cdf79a084e,ESC PROV Nº 821,AV AGUADO 3650,4,-27.3802929,-55.925948,critico,5,0,0
96afe838-75f5-47dc-a7f4-dcd1309f86cb,ESC.PROV.NRO 106 J F KENNEDY,AV LAVALLE/ALTE BROWN,4,-27.3802605,-55.9071359,critico,7,0,0
529261f1-4b5c-4026-adcf-52635b5b8267,ESC.SUP.NRO 1 F DE AZARA,LA RIOJA 127,1,-27.3687438,-55.8949184,critico,7,0,0
fa7ee9a6-63dc-4796-a106-7ae073fca5b6,Escuela 541 Los tulipanes,CAPITAN MORALES Calle 31 (entre Calle 164 y,6,-27.4218952,-55.8847442,critico,6,0,0
7c6575bb-3471-40a6-8f47-5ac332d85c2e,Escuela 808 Prosol,CALLE 123 Y 154 Bº PRO,7,-27.410297,-55.9420921,critico,7,0,0
32246960-4737-4840-82d8-9eaa886b109d,Escuela 820 - Barrio El Porvenir I,CALLE 198 - Atrás del,4B,-27.4527088,-55.8945158,critico,3,0,0
a536c5a8-240d-4657-a184-fc5055831699,Escuela 826 Gendarme Argentino,AV 170 Y AV 147 B.,7,-27.4148533,-55.9557893,critico,8,0,0
ef8fac5b-8766-4d8f-a8e1-2f981a5df480,Escuela 835 Pte. Nestor Carlos Kirchner,AV SANTA CRUZ (CASI AV.,4,-27.394941,-55.9446454,critico,7,0,0
36e8746e-97cd-4db2-b509-d4aae3d9e582,Escuela 960 Itaembé Guazú,Yaguareté y Av. Los Lirios,7A,-27.4057146,-55.9955642,critico,7,0,0
d68406ad-eed3-497d-9d7b-f55554e360f1,Escuela CEP 57 Secundaria,9 DE JULIO (B. SAN LUCAS),4A,-27.4305144,-55.9249171,critico,7,0,0
4cc0de90-4d68-4b81-a3d7-944b5c0ecee5,"Escuela de Comercio N°18 ""Gral. Don José de San Martí",,5,-27.4021556,-55.8984533,optimo,0,0,0
a202526f-3a03-4492-98eb-ffb7429e0903,Escuela de Comercio Nº8,ESCUELA DE COMERCIO N 8 AV LAS PALMERAS (CASI,6,-27.4289913,-55.8904037,critico,7,0,0
91e2f3ae-bf43-4837-962b-4761bef8b110,Escuela Especial 10,AV TAMBOR DE TACUARI Y,3,-27.3688926,-55.9213088,critico,4,0,0
7eaa4438-33ac-4c54-a5af-adf3e0da0de0,ESCUELA JESUS NIÑO,Acevedo 4026,3,-27.3669788,-55.915849,critico,5,0,0
8efabceb-487f-40df-b571-64df355d3129,"Escuela N°122 ""Combate de San Lorenzo""",CALLE PALMA 71 B SAN,4A,-27.4165049,-55.917365,critico,7,0,0
79eda1d4-f595-4689-affa-0dcfe4d22b8c,"Escuela N°125 ""Gral. M. M. de Güemes""",RUTA 12 KM 5 S/N,4A,-27.4159969,-55.9010335,critico,7,0,0
8d01f279-225a-45dd-bd0d-3a6a1598fc8f,Escuela N°250 “Sargento Cabral”,LUCHESSI ADAN 2599,4,-27.38195,-55.9047017,critico,7,0,0
db213d98-66ab-4cd3-b905-15c4a78f8e0a,Escuela n° 269,NUESTRA SRA A.DE ITAPUA,6,-27.4291777,-55.8817939,critico,6,0,0
51a48b9d-642f-4b24-b304-e7f6ff022ad5,ESCUELA N 356,AV QUARANTA/P NUÑEZ B,7,-27.4013183,-55.9308056,critico,8,0,0
31bf7178-f77d-4cd5-876a-ab06b79d3a57,"Escuela N°42 ""República del Paraguay""",CH 149 PENINSULA,3A,-27.3672821,-55.948976,critico,7,0,0
b108513f-7384-4e0b-975e-325ca17e3651,"Escuela N°449 ""Tomás de Rocamora""",AV BLAS PARERA 3477,4,-27.3764136,-55.9117196,critico,7,0,0
463c3387-0d0e-43fe-a701-4e43c6df8e72,ESCUELA N 504 PRIMERA JUNTA,AV COMANDANTE,4,-27.3944622,-55.9029739,critico,8,0,0
36bea89a-b490-4f16-aba3-599a3470b837,Escuela N°609 MANUEL DORREGO,150 Y COCOMAROLA S/N,4A,-27.416227,-55.9122519,critico,7,0,0
9c44973b-3e28-427e-9644-3373642812aa,ESCUELA N 748 CENTRO CORRENTINO,AV 147 y Calle 149A B,7,-27.4173692,-55.9569545,critico,7,0,0
e9433e7c-35f4-45cc-b92a-10fa7c028531,Escuela N° 783 Los Kiris,STA. ANA (ENTRE CALLE,4,-27.3892537,-55.9299892,critico,8,0,0
0a3a0c07-17bb-4f89-ae5a-1ec7982cd054,Escuela N°806,AV 147 7616,7,-27.4080638,-55.954322,critico,8,0,0
cfbe2cda-7da8-491d-ab62-a1d9c767a816,Escuela N°809,AV. COCOMAROLA Y DIAG.,4A,-27.4122799,-55.9118766,critico,8,0,0
1a33731c-a217-446d-836c-e9ca88bd1bbd,Escuela N°809,AV. COCOMAROLA Y DIAG. 59A S/N,3A,-27.4122799,-55.9118766,critico,8,0,0
0c34f3b0-94b7-48bb-b040-fed2e0078337,"Escuela N°813 ""Ribera del Paraná""",CORONEL ALVAREZ Y,2,-27.3585701,-55.9044919,critico,7,0,0
41a042bc-37b6-4038-8bbe-9ca4c203976c,Escuela N°827,AV C. DE HORNO Y,4A,-27.4283631,-55.9137726,critico,7,0,0
b691f481-a572-40fb-a05b-fe0c2cb788fe,Escuela N 887 Posadas Misiones,SAN ISIDRO - BARRIO LOS,7C,-27.4730772,-55.9645717,critico,3,0,0
a6a0658d-6c6d-4531-8d06-baf31abdc6dd,ESCUELA Nº110 HIPOLITO BOUCHARD,AV. CORRIENTES 609,1,-27.3608102,-55.9002352,critico,7,0,0
86b44cdf-b263-4ddb-8b25-651a1b4c30b4,"Escuela Nº43 ""Reino de España""",AYACUCHO/AV A,2,-27.3611644,-55.8958618,critico,5,0,0
62357105-0c91-4bf2-a496-f470592cbc90,Escuela Nº527,AV 17 AGOSTO (CASI AV,4A,-27.4094123,-55.9111998,critico,6,0,0
40ee23e0-7bd6-45a6-8573-933b69e3a379,Escuela Nº528 Ramon Garcia,ESC PROV Nº 528 SUIZA (CASI AV,5,-27.3927131,-55.8965697,critico,5,0,0
a3a5ec5f-e920-4bd5-96dc-e63f851bebf4,"Escuela Normal Superior Nº 10 - Anexo Comercial ""San Antonio""",TRIPOLI 3324,4,-27.3795104,-55.9081888,critico,8,0,0
e9a2ab06-67f2-4320-bc6b-929173f230e0,"Escuela Primaria 893 ""Madre Teresa de Calcuta""",AV 192 (entre Calle 81C y,4A,-27.4367134,-55.9381986,critico,7,0,0
a483a0e8-9cc7-4d7a-a849-89bf13e5999a,ESCUELA PROVINCIAL 675 SAN JOSE,Av. Carlos Madelaire Barrio,7,-27.4105867,-55.9289368,critico,8,0,0
55b09ab8-9959-4368-8117-d6e3b4e580e2,"Escuela Provincial N°167 ""Misión Cooperativa""",FACUNDO QUIROGA 57 y,4B,-27.4430216,-55.8856959,critico,8,0,0
60b1c738-ce9a-4cef-8a0b-e2b45e664680,"Escuela Provincial N°205 ""Lucas Braulio Areco""",AV. DE LAS AMERICA - B,4A,-27.421314,-55.9247587,critico,6,0,0
db3d6af9-bb26-4204-bd67-bdb1dac7b597,Escuela Provincial N°301 Puerto Argentino,ESTRECHO DE,4A,-27.4292178,-55.9322712,critico,7,0,0
92e4c13d-1011-4f6c-8816-0849215eaf32,"Escuela Provincial N°48 ""Nicolás Avellaneda""",AVELLANEDA RUTA NAC 12 Y CALLE EL,6,-27.4284157,-55.8914142,critico,6,0,0
f64ce9cd-4676-47ee-8ec6-a6fd142b62fe,"Escuela Provincial N°53 ""Bartolomé Mitre""",EDIF II AV ALTE. BROWN (Y CALLE,4,-27.3771123,-55.9294609,critico,14,0,0
bafb829e-4d03-4e93-b83e-467032f66698,"Escuela Provincial N° 5, General Don José de San Martín",Las Bromelias casi Los,7A,-27.4124057,-55.9847222,critico,9,0,0
a4a5e53b-54c2-4fbf-93d3-5e909b8e4855,Escuela Provincial n° 717,POSADAS (CALLE 95) CASI,4,-27.3853716,-55.9242694,critico,6,0,0
5de6a302-a7be-4a27-8202-c1338eb50b7d,"Escuela Provincial N°718 ""Medalla Milagrosa""",AV. EVA PERÓN Y CALLE82,4,-27.3809529,-55.9484555,critico,8,0,0
35dcdfc4-b756-4236-8b81-54d37445723e,Escuela Provincial N°721,CH 138 AV EVA PERON,3A,-27.3665951,-55.9465657,critico,6,0,0
ccdca4d6-caf6-4bd9-bf8b-0a9e5fcb192f,Escuela Provincial Nº871,CALLE 188 (ENTRE CALLE,4A,-27.4376062,-55.9102298,critico,7,0,0
583498b4-060f-418a-ae24-5d8cf11ea275,"Escuela Prov. N°579 ""Fuerza Aérea Argentina""",CHUBUT Y AV TOMAS,4,-27.3869847,-55.9150501,critico,7,0,0
e8b7f66e-859a-4f62-a53d-e18d1e012264,Instituto Adventista Alta Gracia,AV SANTA CATALINA 4883,4,-27.3920324,-55.9120888,critico,7,0,0
57f5b089-4e27-46c5-9167-37036b65a469,Instituto Inmaculada Concepción | Nivel Inicial y Primario,AV CABRED 1515,5,-27.3851971,-55.893673,critico,7,0,0
63005759-96c2-48bf-8ba2-8412fb51ba5c,Instituto Inmaculada Concepción | Nivel Secundario,SAN MARCOS 3865,5,-27.3859748,-55.893898,critico,5,0,0
16f00966-af22-41ef-aba8-0b89b419aafe,Instituto Inmaculado Corazón de María,HERMELINDA de,3A,-27.3638622,-55.9483917,critico,6,0,0
aba4a32f-5eac-4915-a1b2-ca245a465104,Instituto José Manuel Estrada,A. ACUÑA Y S. CABRAL 498,2,-27.3539349,-55.894879,critico,6,0,0
e303bbbe-990b-42b1-b489-c1edfbaddde3,Instituto Madre de la Misericordia,SAN LUIS Y TUCUMAN 77,1,-27.3719436,-55.8997109,critico,6,0,0
3fc9e7e2-7cf2-4069-acb4-3199c2449f63,Instituto Madre de la Misericordia - Nivel Secundaria,PSJE JURAMENTO 2630,3,-27.3717676,-55.9033307,critico,7,0,0
4dfeb79c-fe4a-45f3-ae76-b21a598947fd,Instituto Parroquial Don Bosco,AV.URQUIZA Y CALLE 129,2,-27.3569631,-55.93682,critico,6,0,0
a57f41f1-c51f-4220-b3c3-59931d5aa0d9,Instituto Politécnico San Arnoldo Janssen,AV SANTA CATALINA E,4,-27.3899803,-55.9118358,critico,8,0,0
d7e3c067-782f-405b-a139-4b60a25a9d08,Instituto proyección 2000,CALLE 152 Y 87 B° LOS,7,-27.413806,-55.9304856,critico,6,0,0
bdbc65f9-4388-4221-91df-4a00721c8119,Instituto Sagrado Corazon de Jesus,MAIPÚ 2524,4,-27.3870661,-55.9044218,critico,5,0,0
17e29b1f-cf49-449b-b157-b683eddee9d2,Instituto San Alberto Magno,FORMOSA 3098,4,-27.3858673,-55.9091117,critico,6,0,0
d80bf355-76d5-4d50-adb1-26736b8cf611,Instituto San Basilio Magno,SAN BASILIO MAGNO AV RADEMACHER 2945,5,-27.3777797,-55.8950548,critico,5,0,0
fa69b3ff-7102-4b33-955a-d4b82755b56e,Instituto San Ignacio de Loyola,148 BARRIO SAN JORGE,4A,-27.4148086,-55.9081237,critico,7,0,0
8a114097-2919-47f0-96e6-6ba9571cf01f,Instituto Santa Lucía,AV. SANTA CRUZ (CASI,4,-27.3978797,-55.9277396,critico,5,0,0
48f0ee04-4fc4-4edf-b184-dc527323f4fd,Instituto Santa María de las Misiones,CH 150 PENINSULA,3A,-27.3629655,-55.9485194,critico,7,0,0
5812ff74-0aa9-4fff-8dc4-b33d25e669e8,Instituto Superior Combate de Mbororé,AV. L. N. ALEM 5325,3,-27.3611243,-55.92729,critico,4,0,0
95d15f15-153d-4f90-8b19-cfc6fe895f8d,Instituto Superior Jesús de Nazareth,AV EVA PERON 3175,4,-27.3737301,-55.9477651,critico,7,0,0
0dc3eb52-2a6d-4cff-91e8-f2677d042248,Instituto Superior Santa Catalina,AV L N ALEM 3270,2,-27.3629566,-55.9074586,critico,7,0,0
7d3c5a4b-4e92-4232-a8d3-c38c28d0a09e,Instituto Tecnológico N°1,COCOMAROLA CASI,4A,-27.4348037,-55.9146474,critico,5,0,0
e0c9a3bd-e01c-40ca-8000-e28853db5a7b,Instituto Verbo Divino,AV TAMBOR DE TACUARI,3A,-27.365118,-55.9500205,critico,7,0,0
0303a269-83b6-4653-8d91-228a790ab688,Instituto Virgen de Itatí - Nivel Inicial y Primario,,5,-27.4040206,-55.8953345,optimo,0,0,0
fb3ace55-93f5-4e0a-b426-7f8e1d41ec38,Polivalente N°8,AV TAMBOR DE TACUARI,4,-27.3778271,-55.9235779,critico,6,0,0
49fe628e-6efb-468a-a8a4-ca925f8c9228,SUPERIOR N 4 FRATERNIDAD,SALTA 578,1,-27.3723469,-55.8867675,critico,7,0,0
e325ceb0-b82b-4a8e-8dd2-b8bd6ff861db,UCAMI,Av. Jauretche 1036,2,-27.3548231,-55.9377304,critico,7,0,0
fe34d676-3183-460e-ad19-9dcbb07fb846,Universidad Católica de Santa Fe - Sede Santos Mártires,Av. Rademacher,5,-27.3859252,-55.8958882,critico,7,0,0
8c421f80-8dd5-4360-b4b4-bce61d52ec70,Universidad Gastón Dachary // Campus Urbano,AV. JAURETCHE ESQ.,3A,-27.3698811,-55.9399259,critico,8,0,0
